Quarter Ending,HSC Trust,Specialty,0 - 6 Wks,>6 - 9 Wks,>9 - 12 Wks,>12 - 15 Wks,>15 - 18 Wks,>18 - 26 Wks,>26 - 39 Wks,>39 - 52 Wks,>52 - 65 Wks,>65 - 78 Wks,>78 - 91 Wks,>91 - 104 Wks,>104 Wks,Total Waiting
2026-06-30,Belfast,Adult Cystic Fibrosis,0,0,0,0,0,0,0,0,1,0,0,0,0,1
2026-06-30,Belfast,Anaesthetics,11,3,1,8,1,39,99,3,1,1,0,0,0,167
2026-06-30,Belfast,Breast Surgery,121,17,4,1,5,5,5,9,4,2,10,4,63,250
2026-06-30,Belfast,Cardiac Rehabilitation,5,0,0,0,0,0,0,0,0,0,0,0,0,5
2026-06-30,Belfast,Cardiac Surgery,34,13,2,4,0,0,0,0,0,0,0,0,0,53
2026-06-30,Belfast,Cardiology,713,204,165,121,139,314,422,254,219,259,232,221,754,4017
2026-06-30,Belfast,Care of the Elderly,176,61,29,17,16,45,49,50,22,4,0,0,0,469
2026-06-30,Belfast,Children's Health Care Services,1,0,0,1,0,0,0,0,0,0,0,0,1,3
2026-06-30,Belfast,Clinical Oncology,193,7,1,0,1,1,0,0,0,0,0,0,0,203
2026-06-30,Belfast,Colorectal Surgery,240,77,68,59,72,183,277,281,263,225,231,202,1746,3924
2026-06-30,Belfast,Dermatology,753,176,123,113,103,236,367,483,587,511,360,472,6139,10423
2026-06-30,Belfast,Diabetes,91,14,5,1,2,3,4,2,4,2,5,3,0,136
2026-06-30,Belfast,"Ear,Nose,&Throat (ENT)",855,231,181,175,182,430,531,407,391,429,321,245,2028,6406
2026-06-30,Belfast,Endocrinology,270,78,66,83,88,129,196,198,192,180,223,203,650,2556
2026-06-30,Belfast,Forensic Psychiatry,1,0,0,0,0,0,0,0,0,0,0,0,0,1
2026-06-30,Belfast,Fractures,313,3,4,3,0,1,0,0,0,0,0,0,0,324
2026-06-30,Belfast,Gastroenterology,545,148,123,94,135,265,497,451,558,410,432,349,550,4557
2026-06-30,Belfast,General Medicine,39,14,10,22,15,31,66,63,38,29,29,34,85,475
2026-06-30,Belfast,General Surgery,464,201,179,118,140,398,561,565,623,563,378,505,2704,7399
2026-06-30,Belfast,Genetics,222,84,88,62,65,108,142,105,84,26,1,0,0,987
2026-06-30,Belfast,Genito-Urinary Medicine,4,0,0,0,0,0,0,0,0,0,0,0,0,4
2026-06-30,Belfast,Gynaecological Oncology,81,0,1,0,0,0,0,0,0,0,0,0,0,82
2026-06-30,Belfast,Gynaecology,693,280,267,238,273,690,885,821,738,515,346,355,800,6901
2026-06-30,Belfast,Haematology,96,35,12,5,3,5,5,2,0,0,0,0,0,163
2026-06-30,Belfast,Haematology - Haemophilia/Thrombosis,1,0,0,0,0,0,0,0,0,0,0,0,0,1
2026-06-30,Belfast,Hepatology,179,56,38,27,29,67,83,45,49,40,42,41,154,850
2026-06-30,Belfast,Immunology,290,76,66,43,71,178,192,74,17,5,3,3,2,1020
2026-06-30,Belfast,Infectious Diseases,20,0,0,0,0,0,0,0,0,1,0,0,0,21
2026-06-30,Belfast,Lactation Services,2,0,0,0,0,0,0,0,0,0,0,0,0,2
2026-06-30,Belfast,Medical Oncology,108,4,1,0,2,3,0,1,0,0,0,0,0,119
2026-06-30,Belfast,Neonatology,26,2,0,0,0,0,0,0,0,0,0,0,0,28
2026-06-30,Belfast,Nephrology,81,17,7,10,9,19,17,1,2,0,2,0,0,165
2026-06-30,Belfast,Neurology,557,198,194,179,191,369,528,500,417,384,394,386,4037,8334
2026-06-30,Belfast,Neurosurgery,191,71,47,40,35,101,101,56,28,26,33,26,430,1185
2026-06-30,Belfast,Ophthalmology,1601,701,618,533,567,1190,1703,1462,1429,1384,1197,1209,8900,22494
2026-06-30,Belfast,Ophthalmology - Macular,654,289,254,243,210,324,398,237,196,142,101,38,280,3366
2026-06-30,Belfast,Oral Medicine,335,101,84,77,89,154,204,161,127,119,93,94,282,1920
2026-06-30,Belfast,Oral Surgery,202,51,17,2,5,1,46,68,79,56,65,40,17,649
2026-06-30,Belfast,Orthodontics,38,14,14,8,13,25,34,37,37,40,27,32,50,369
2026-06-30,Belfast,Orthopaedics,1844,807,729,540,640,1406,2013,1711,1776,1529,1454,1209,2289,17947
2026-06-30,Belfast,Paediatric Allergy and Immunology,59,28,22,21,17,74,107,123,86,86,57,12,199,891
2026-06-30,Belfast,Paediatric Audiological Medicine,4,0,0,0,0,0,0,0,0,0,0,0,4,8
2026-06-30,Belfast,Paediatric Cardiology,158,58,52,63,78,161,172,175,33,3,1,0,1,955
2026-06-30,Belfast,Paediatric Dentistry,82,39,33,18,32,78,101,115,102,102,81,81,216,1080
2026-06-30,Belfast,Paediatric Dermatology,69,30,17,15,11,34,51,76,143,103,99,40,508,1196
2026-06-30,Belfast,Paediatric Diabetes,1,0,0,0,0,0,0,0,0,0,0,0,0,1
2026-06-30,Belfast,"Paediatric Ear,Nose,&Throat (ENT)",205,104,86,75,76,187,313,272,375,308,186,153,1530,3870
2026-06-30,Belfast,Paediatric Endocrinology,40,23,20,16,16,31,27,20,22,23,29,16,204,487
2026-06-30,Belfast,Paediatric Epilepsy,1,0,0,0,0,0,0,0,0,0,0,0,0,1
2026-06-30,Belfast,Paediatric Gastroenterology,60,32,20,13,19,36,71,60,50,53,55,46,21,536
2026-06-30,Belfast,Paediatric Haematology,14,7,8,4,6,8,14,18,13,7,1,1,0,101
2026-06-30,Belfast,Paediatric Infectious Disease,34,5,0,2,0,5,3,1,5,2,0,0,0,57
2026-06-30,Belfast,Paediatric Inherited Metabolic Medicine,2,0,1,0,0,0,1,0,0,0,0,0,0,4
2026-06-30,Belfast,Paediatric Medical Oncology,3,0,0,0,2,1,1,0,0,0,0,0,0,7
2026-06-30,Belfast,Paediatric Medicine,245,102,112,99,93,143,104,103,136,101,76,67,115,1496
2026-06-30,Belfast,Paediatric Nephrology,38,16,10,1,0,0,2,0,0,0,0,0,0,67
2026-06-30,Belfast,Paediatric Neurodisability,3,6,2,2,2,4,1,0,0,0,0,0,0,20
2026-06-30,Belfast,Paediatric Neurology,51,17,10,15,22,37,51,31,6,0,0,0,0,240
2026-06-30,Belfast,Paediatric Neurosurgery,26,15,6,3,0,0,0,0,0,0,0,0,0,50
2026-06-30,Belfast,Paediatric Ophthalmology,368,86,47,34,24,58,60,56,64,82,62,25,11,977
2026-06-30,Belfast,Paediatric Orthopaedic Surgery,187,44,49,30,47,67,103,105,100,108,118,75,157,1190
2026-06-30,Belfast,Paediatric Plastic Surgery,50,29,20,19,19,57,76,77,82,75,63,59,541,1167
2026-06-30,Belfast,Paediatric Respiratory,80,26,24,13,7,7,19,15,33,43,33,12,4,316
2026-06-30,Belfast,Paediatric Rheumatology,40,4,9,2,4,3,0,1,1,0,0,0,0,64
2026-06-30,Belfast,Paediatric Surgery,70,18,3,3,2,1,0,0,0,0,0,1,0,98
2026-06-30,Belfast,Paediatric Trauma & Orthopaedics,0,0,1,0,0,0,0,0,0,0,0,0,0,1
2026-06-30,Belfast,Paediatric Urology,29,9,9,6,6,10,28,1,0,0,0,0,0,98
2026-06-30,Belfast,Pain Management,193,81,68,77,70,196,279,149,38,13,9,3,16,1192
2026-06-30,Belfast,Palliative Medicine,8,1,0,0,0,0,0,0,0,0,0,0,0,9
2026-06-30,Belfast,Pathology,48,14,5,3,0,0,0,3,0,2,0,0,0,75
2026-06-30,Belfast,Radiology,1,1,0,0,1,0,2,0,1,0,0,3,0,9
2026-06-30,Belfast,Rehabilitation Medicine,80,22,19,14,11,21,15,17,13,21,16,10,3,262
2026-06-30,Belfast,Reproductive Medicine,326,108,124,60,35,29,7,1,0,0,0,0,0,690
2026-06-30,Belfast,Respiratory,649,202,153,110,100,255,348,235,222,226,175,192,137,3004
2026-06-30,Belfast,Restorative Dentistry,159,12,7,1,2,13,6,3,0,2,0,0,0,205
2026-06-30,Belfast,Rheumatology,310,72,44,44,44,82,113,100,87,88,80,80,2549,3693
2026-06-30,Belfast,Special Care Dentistry,1,1,1,7,16,22,38,23,21,3,0,0,0,133
2026-06-30,Belfast,Stroke Medicine,29,4,0,3,1,1,0,0,0,0,0,0,0,38
2026-06-30,Belfast,Thoracic Surgery,59,3,6,1,1,0,1,1,0,0,0,0,0,72
2026-06-30,Belfast,Urology,430,96,64,68,49,111,160,106,95,100,84,24,5,1392
2026-06-30,Belfast,Vascular Surgery,351,74,102,60,37,131,259,270,268,225,215,236,1270,3498
2026-06-30,DPC,General Surgery,0,0,0,0,0,0,0,0,0,0,0,0,1,1
2026-06-30,DPC,Ophthalmology,991,483,386,429,421,1106,1642,1518,1738,1139,1012,1074,8779,20718
2026-06-30,Northern,Breast Surgery,248,68,55,39,40,50,74,38,11,0,0,43,1,667
2026-06-30,Northern,Cardiology,469,135,131,78,81,160,283,206,219,36,0,0,2,1800
2026-06-30,Northern,Care of the Elderly,141,57,37,22,28,66,74,88,74,30,23,10,1,651
2026-06-30,Northern,Clinical Oncology,3,0,0,0,0,0,0,0,0,0,0,0,0,3
2026-06-30,Northern,Colorectal Surgery,86,28,35,28,19,91,145,112,149,212,61,53,279,1298
2026-06-30,Northern,Community Paediatrics,85,43,45,52,67,125,245,164,193,81,1,0,0,1101
2026-06-30,Northern,Dermatology,1484,588,529,195,182,392,642,761,683,482,373,355,4208,10874
2026-06-30,Northern,Diabetes,158,55,34,27,14,70,98,13,0,0,0,0,0,469
2026-06-30,Northern,"Ear,Nose,&Throat (ENT)",1186,400,382,359,403,971,1310,1152,1281,1234,1037,1076,3969,14760
2026-06-30,Northern,Endocrinology,215,83,43,21,32,55,97,90,109,87,93,110,352,1387
2026-06-30,Northern,Fractures,156,11,22,11,8,31,41,33,55,32,44,25,267,736
2026-06-30,Northern,Gastroenterology,465,137,111,116,169,333,531,519,502,441,443,207,1406,5380
2026-06-30,Northern,General Medicine,56,6,6,3,4,18,22,11,14,9,15,11,45,220
2026-06-30,Northern,General Surgery,721,252,269,215,287,677,845,670,734,466,460,413,2035,8044
2026-06-30,Northern,Genetics,2,0,0,0,0,0,0,0,0,0,0,0,0,2
2026-06-30,Northern,Gynaecology,1277,485,425,333,384,910,1163,916,892,899,794,690,2193,11361
2026-06-30,Northern,Haematology,54,6,11,5,13,32,52,64,64,50,54,51,263,719
2026-06-30,Northern,Medical Oncology,28,2,2,1,1,2,0,0,0,0,0,0,0,36
2026-06-30,Northern,Neonatology,3,0,0,2,0,0,0,0,1,0,0,0,0,6
2026-06-30,Northern,Nephrology,37,4,8,2,1,0,0,0,0,0,0,0,0,52
2026-06-30,Northern,Neurology,248,95,87,79,133,234,382,399,407,438,420,366,2134,5422
2026-06-30,Northern,Ophthalmology,2,0,0,0,0,0,0,0,0,0,0,0,0,2
2026-06-30,Northern,Oral and Maxillofacial Surgery,79,44,27,32,29,71,93,80,82,121,67,1,73,799
2026-06-30,Northern,Oral Surgery,0,0,0,0,1,0,0,0,0,0,37,124,1569,1731
2026-06-30,Northern,Orthodontics,58,24,14,14,20,43,53,59,44,16,0,0,0,345
2026-06-30,Northern,Paediatric Allergy and Immunology,55,19,22,12,22,40,45,39,22,4,1,4,16,301
2026-06-30,Northern,Paediatric Cardiology,1,0,0,0,0,0,0,0,0,0,0,0,0,1
2026-06-30,Northern,"Paediatric Ear,Nose,&Throat (ENT)",0,0,0,0,0,0,0,0,0,0,0,1,0,1
2026-06-30,Northern,Paediatric Medicine,634,257,237,186,226,448,648,591,159,110,74,108,229,3907
2026-06-30,Northern,Paediatric Urology,1,0,0,0,0,0,0,0,0,0,0,0,0,1
2026-06-30,Northern,Pain Management,164,75,61,53,73,144,218,226,263,210,186,197,1382,3252
2026-06-30,Northern,Pathology,62,18,17,12,14,29,51,39,38,30,9,10,3,332
2026-06-30,Northern,Respiratory,471,204,237,177,225,524,683,618,652,535,413,400,1631,6770
2026-06-30,Northern,Rheumatology,381,158,106,103,124,281,470,409,415,293,182,132,571,3625
2026-06-30,Northern,Stroke Medicine,10,1,2,0,0,0,0,0,0,0,0,0,0,13
2026-06-30,South Eastern,Acute Medicine,1,0,0,0,0,0,0,0,0,0,0,0,0,1
2026-06-30,South Eastern,Anaesthetics,37,20,19,19,22,10,1,8,1,0,0,0,2,139
2026-06-30,South Eastern,Audiology (ENT),1,0,1,1,7,0,0,0,0,0,0,0,0,10
2026-06-30,South Eastern,Breast Surgery,1545,53,47,49,58,91,90,64,28,24,5,1,3,2058
2026-06-30,South Eastern,Cardiac Rehabilitation,15,1,0,0,0,0,0,0,0,0,0,0,0,16
2026-06-30,South Eastern,Cardiology,526,175,159,122,133,315,627,624,281,177,121,235,339,3834
2026-06-30,South Eastern,Care of the Elderly,173,32,42,26,24,66,50,15,19,11,0,0,0,458
2026-06-30,South Eastern,Children's Health Care Services,520,157,118,113,132,210,365,246,407,285,242,158,196,3149
2026-06-30,South Eastern,Colorectal Surgery,252,89,62,55,80,171,245,160,48,47,29,32,659,1929
2026-06-30,South Eastern,Community Paediatrics,48,4,3,2,1,0,0,0,0,0,0,0,0,58
2026-06-30,South Eastern,Dermatology,1475,277,186,146,179,408,538,608,732,480,415,414,2508,8366
2026-06-30,South Eastern,Diabetes,140,38,29,10,13,16,10,1,0,0,0,0,0,257
2026-06-30,South Eastern,"Ear,Nose,&Throat (ENT)",810,349,343,277,322,478,654,581,666,764,504,442,7202,13392
2026-06-30,South Eastern,Endocrinology,71,5,1,0,0,2,1,1,0,0,0,0,0,81
2026-06-30,South Eastern,Fractures,202,2,0,0,0,0,0,0,0,0,0,0,0,204
2026-06-30,South Eastern,Gastroenterology,658,163,155,171,168,371,505,527,476,333,323,299,957,5106
2026-06-30,South Eastern,General Medicine,49,9,2,1,2,13,10,3,0,1,2,0,0,92
2026-06-30,South Eastern,General Surgery,423,158,154,136,149,346,525,522,582,452,375,322,2286,6430
2026-06-30,South Eastern,Gynaecology,844,251,221,243,252,510,780,743,725,558,510,556,3656,9849
2026-06-30,South Eastern,Haematology,114,43,26,46,46,90,171,107,34,29,23,27,152,908
2026-06-30,South Eastern,Immunology,0,0,0,0,0,0,0,0,1,0,0,0,0,1
2026-06-30,South Eastern,Medical Oncology,21,0,1,0,0,3,3,0,1,0,0,0,0,29
2026-06-30,South Eastern,Neonatology,3,1,0,0,0,0,0,0,0,0,0,0,0,4
2026-06-30,South Eastern,Nephrology,18,6,1,0,1,1,0,0,0,0,0,0,0,27
2026-06-30,South Eastern,Neurology,348,106,112,110,136,249,375,307,262,191,131,30,13,2370
2026-06-30,South Eastern,Oral and Maxillofacial Surgery,148,30,34,32,36,89,106,148,186,141,121,96,1972,3139
2026-06-30,South Eastern,Orthopaedics,25,1,0,0,0,0,0,0,0,0,0,0,2,28
2026-06-30,South Eastern,Paediatric Allergy and Immunology,2,0,0,0,0,0,0,0,0,0,0,0,0,2
2026-06-30,South Eastern,Paediatric Audiological Medicine,2,0,3,1,0,0,0,0,0,0,0,0,0,6
2026-06-30,South Eastern,Paediatric Audiology (ENT),0,0,2,0,1,0,0,0,0,0,0,0,0,3
2026-06-30,South Eastern,"Paediatric Ear,Nose,&Throat (ENT)",28,18,18,23,11,0,0,1,0,0,0,0,0,99
2026-06-30,South Eastern,Paediatric Epilepsy,1,0,0,0,0,0,0,0,0,0,0,0,0,1
2026-06-30,South Eastern,Paediatric Haematology,1,0,0,0,0,0,0,0,0,0,0,0,0,1
2026-06-30,South Eastern,Paediatric Medicine,431,166,136,95,93,224,251,138,156,152,124,97,889,2952
2026-06-30,South Eastern,Paediatric Neurology,1,0,0,0,0,0,0,0,0,0,0,0,0,1
2026-06-30,South Eastern,Paediatric Surgery,67,33,29,13,11,24,3,2,8,1,0,0,0,191
2026-06-30,South Eastern,Pain Management,269,83,56,53,64,125,255,241,261,175,154,140,921,2797
2026-06-30,South Eastern,Palliative Medicine,6,2,0,0,0,0,0,0,0,0,0,0,0,8
2026-06-30,South Eastern,Plastic Surgery,551,201,202,166,181,465,734,688,797,708,613,437,3668,9411
2026-06-30,South Eastern,Respiratory,670,261,168,174,209,524,699,761,716,457,213,201,576,5629
2026-06-30,South Eastern,Rheumatology,369,141,102,96,115,223,285,221,214,180,141,143,2312,4542
2026-06-30,South Eastern,Stroke Medicine,61,2,7,0,1,1,2,0,0,0,0,0,0,74
2026-06-30,South Eastern,Upper Gastrointestinal Surgery,2,0,0,0,0,0,0,0,0,0,0,0,0,2
2026-06-30,South Eastern,Urology,520,135,106,97,105,240,378,353,177,98,91,85,967,3352
2026-06-30,Southern,Anaesthetics,0,0,0,0,0,0,0,0,12,0,0,0,0,12
2026-06-30,Southern,Anticoagulation,12,2,0,0,0,0,0,0,0,0,0,0,0,14
2026-06-30,Southern,Breast Surgery,152,70,54,44,44,130,136,108,57,35,18,3,3,854
2026-06-30,Southern,Cardiology,425,118,90,101,71,207,233,147,52,34,16,7,118,1619
2026-06-30,Southern,Care of the Elderly,103,16,16,7,3,1,7,14,7,3,5,4,160,346
2026-06-30,Southern,Colorectal Surgery,37,3,17,1,0,0,0,0,0,0,0,0,0,58
2026-06-30,Southern,Community Paediatrics,197,79,69,74,85,136,230,201,270,222,184,118,31,1896
2026-06-30,Southern,Dermatology,951,216,209,173,186,440,606,587,652,526,358,657,4107,9668
2026-06-30,Southern,Diabetes,112,39,41,31,31,47,65,54,60,26,13,3,1,523
2026-06-30,Southern,"Ear,Nose,&Throat (ENT)",959,408,442,371,462,905,1132,865,785,587,500,419,4536,12371
2026-06-30,Southern,Endocrinology,178,47,25,40,47,98,163,151,153,80,58,50,205,1295
2026-06-30,Southern,Fractures,294,0,0,0,1,0,0,0,0,0,0,0,0,295
2026-06-30,Southern,Gastroenterology,632,228,179,172,201,408,641,452,422,413,430,349,1717,6244
2026-06-30,Southern,General Medicine,0,0,0,0,0,2,0,0,0,0,0,0,21,23
2026-06-30,Southern,General Surgery,1035,310,219,237,332,650,993,845,680,782,635,541,5235,12494
2026-06-30,Southern,Genito-Urinary Medicine,3,0,0,0,0,0,0,0,0,0,0,0,0,3
2026-06-30,Southern,Gynaecology,1000,356,313,255,351,733,920,854,856,750,723,716,2164,9991
2026-06-30,Southern,Haematology,39,8,6,2,8,1,16,17,11,5,1,4,5,123
2026-06-30,Southern,Learning Disability,7,4,4,1,2,5,14,6,3,0,0,0,0,46
2026-06-30,Southern,Medical Oncology,25,1,0,0,0,0,0,0,0,0,0,0,0,26
2026-06-30,Southern,Nephrology,19,8,1,0,0,2,0,0,0,0,0,0,0,30
2026-06-30,Southern,Neurology,541,202,205,209,218,444,653,422,401,349,279,144,1849,5916
2026-06-30,Southern,Oral and Maxillofacial Surgery,63,36,32,38,41,93,116,128,126,204,153,118,521,1669
2026-06-30,Southern,Orthodontics,34,18,8,19,10,24,48,51,50,34,35,30,19,380
2026-06-30,Southern,Orthopaedics,556,249,247,202,239,490,730,794,669,584,577,566,3639,9542
2026-06-30,Southern,Paediatric Allergy and Immunology,56,11,15,15,12,10,18,10,4,0,0,0,0,151
2026-06-30,Southern,Paediatric Dentistry,0,0,0,0,0,0,0,0,0,1,0,0,1,2
2026-06-30,Southern,Paediatric Epilepsy,16,2,4,1,0,2,1,0,0,0,0,0,0,26
2026-06-30,Southern,Paediatric Medicine,320,173,127,125,91,102,30,6,0,1,0,1,0,976
2026-06-30,Southern,Pain Management,171,68,75,69,92,183,257,268,189,202,210,196,89,2069
2026-06-30,Southern,Pathology,30,13,7,3,10,19,36,12,1,0,0,0,0,131
2026-06-30,Southern,Respiratory,524,198,186,150,185,416,540,439,369,246,216,199,1925,5593
2026-06-30,Southern,Rheumatology,242,115,79,66,53,104,188,172,129,44,48,51,1598,2889
2026-06-30,Southern,Urology,318,103,61,46,48,85,125,120,142,156,149,113,444,1910
2026-06-30,Western,Breast Surgery,110,19,27,29,53,98,151,128,78,81,20,10,5,809
2026-06-30,Western,Cardiology,335,90,87,75,57,111,107,45,11,0,0,0,0,918
2026-06-30,Western,Care of the Elderly,80,29,16,14,23,21,5,8,1,2,1,0,0,200
2026-06-30,Western,Clinical Oncology,77,22,14,0,2,1,0,0,0,0,0,0,0,116
2026-06-30,Western,Colorectal Surgery,403,154,105,94,75,217,301,308,252,167,150,135,2014,4375
2026-06-30,Western,Community Paediatrics,140,30,25,22,24,42,37,9,0,0,0,0,0,329
2026-06-30,Western,Dermatology,246,58,31,26,30,81,75,72,47,90,84,93,267,1200
2026-06-30,Western,Diabetes,83,27,9,22,8,26,10,7,4,0,2,0,0,198
2026-06-30,Western,"Ear,Nose,&Throat (ENT)",930,274,243,267,320,818,1160,800,924,728,654,469,3604,11191
2026-06-30,Western,Endocrinology,134,61,34,21,21,72,96,75,101,51,55,58,206,985
2026-06-30,Western,Fractures,331,2,0,3,0,1,1,0,0,0,0,0,0,338
2026-06-30,Western,Gastroenterology,741,178,146,138,138,369,539,477,437,377,372,274,3266,7452
2026-06-30,Western,General Medicine,5,2,0,0,1,0,1,0,0,2,2,0,0,13
2026-06-30,Western,General Surgery,572,228,205,205,234,472,571,555,540,462,404,343,3376,8167
2026-06-30,Western,Gynaecology,828,269,229,254,262,675,984,981,807,644,654,586,2595,9768
2026-06-30,Western,Haematology,48,2,0,0,0,0,0,0,0,0,0,0,0,50
2026-06-30,Western,Learning Disability,8,4,4,0,3,6,0,0,0,0,0,0,0,25
2026-06-30,Western,Medical Oncology,9,0,0,0,0,0,1,0,0,0,0,0,0,10
2026-06-30,Western,Nephrology,91,30,25,24,14,25,44,19,1,0,0,0,0,273
2026-06-30,Western,Neurology,280,92,98,79,101,204,300,183,190,143,145,150,2848,4813
2026-06-30,Western,Ophthalmology,536,172,133,115,136,306,380,328,271,242,211,216,1099,4145
2026-06-30,Western,Ophthalmology - Macular,123,49,28,16,15,8,1,0,0,0,0,0,0,240
2026-06-30,Western,Oral and Maxillofacial Surgery,354,115,111,102,108,264,392,331,276,113,150,121,1662,4099
2026-06-30,Western,Orthodontics,82,45,20,9,27,48,103,42,2,1,0,0,0,379
2026-06-30,Western,Orthopaedics,764,261,199,161,197,511,812,830,823,732,760,738,1856,8644
2026-06-30,Western,Paediatric Cardiology,2,3,1,2,0,1,2,7,3,0,0,0,0,21
2026-06-30,Western,Paediatric Medicine,358,109,97,103,86,194,224,149,9,1,0,0,0,1330
2026-06-30,Western,Paediatric Neurology,3,0,0,0,2,0,1,0,0,0,0,0,0,6
2026-06-30,Western,Paediatric Orthopaedic Surgery,40,7,5,2,5,11,17,18,18,1,0,0,0,124
2026-06-30,Western,Paediatric Surgery,30,17,12,2,8,17,38,46,21,5,4,2,0,202
2026-06-30,Western,Pain Management,133,78,54,45,81,127,120,86,111,40,48,14,0,937
2026-06-30,Western,Palliative Medicine,1,0,0,0,0,0,0,0,0,0,0,0,0,1
2026-06-30,Western,Pathology,24,7,18,15,9,17,12,6,2,1,9,0,69,189
2026-06-30,Western,Rehabilitation Medicine,7,0,5,6,5,6,2,0,2,0,0,1,1,35
2026-06-30,Western,Respiratory,404,145,109,70,86,171,185,131,143,125,97,21,0,1687
2026-06-30,Western,Rheumatology,380,133,119,95,106,192,249,185,179,152,164,153,1062,3169
2026-06-30,Western,Stroke Medicine,15,1,1,0,0,0,0,0,0,0,0,0,0,17
2026-06-30,Western,Urology,579,114,148,146,109,394,510,342,275,192,175,170,724,3878
