specialty,hospital,age_group,waiting_over_12m,total_waiting,pct_over_12m
Anaesthetics,St. Columcille's Hospital,Adult,0,27,0.0
Anaesthetics,Tallaght University Hospital,Adult,0,27,0.0
Breast Surgery,Beaumont Hospital,Adult,0,665,0.0
Breast Surgery,Cork University Hospital,Adult,0,2431,0.0
Breast Surgery,Galway University Hospitals,Adult,0,1355,0.0
Breast Surgery,Letterkenny University Hospital,Adult,0,826,0.0
Breast Surgery,University Hospital Limerick,Adult,0,281,0.0
Breast Surgery,University Hospital Waterford,Adult,0,636,0.0
Cardio-Thoracic Surgery,Children's Health Ireland,Child,0,24,0.0
Cardio-Thoracic Surgery,Cork University Hospital,Adult,0,21,0.0
Cardio-Thoracic Surgery,Galway University Hospitals,Adult,0,65,0.0
Cardio-Thoracic Surgery,Mater Misericordiae University Hospital,Adult,72,362,19.9
Cardio-Thoracic Surgery,St. James's Hospital,Adult,0,54,0.0
Cardio-Thoracic Surgery,St. Vincent's University Hospital,Adult,0,22,0.0
Cardiology,Bantry General Hospital,Adult,0,146,0.0
Cardiology,Beaumont Hospital,Adult,587,3331,17.6
Cardiology,Cavan General Hospital,Adult,0,827,0.0
Cardiology,Connolly Hospital Blanchardstown,Adult,0,1305,0.0
Cardiology,Cork University Hospital,Adult,0,1568,0.0
Cardiology,Ennis Hospital,Adult,645,1224,52.7
Cardiology,Galway University Hospitals,Adult,6,1151,0.5
Cardiology,Letterkenny University Hospital,Adult,16,1726,0.9
Cardiology,Mallow General Hospital,Adult,7,532,1.3
Cardiology,Mater Misericordiae University Hospital,Adult,147,2926,5.0
Cardiology,Mayo University Hospital,Adult,66,984,6.7
Cardiology,Mercy University Hospital,Adult,1,866,0.1
Cardiology,Midland Regional Hospital Mullingar,Adult,37,922,4.0
Cardiology,Midland Regional Hospital Portlaoise,Adult,0,24,0.0
Cardiology,Midland Regional Hospital Tullamore,Adult,88,1331,6.6
Cardiology,Naas General Hospital,Adult,2,719,0.3
Cardiology,Nenagh Hospital,Adult,693,1276,54.3
Cardiology,Our Lady of Lourdes Hospital Drogheda,Adult,196,2075,9.4
Cardiology,Our Lady's Hospital Navan,Adult,294,1775,16.6
Cardiology,Portiuncula University Hospital,Adult,3,527,0.6
Cardiology,Sligo University Hospital,Adult,84,1279,6.6
Cardiology,St. Columcille's Hospital,Adult,0,152,0.0
Cardiology,St. James's Hospital,Adult,163,2262,7.2
Cardiology,St. Luke's General Hospital Kilkenny,Adult,302,1497,20.2
Cardiology,St. Michael's Hospital,Adult,183,692,26.4
Cardiology,St. Vincent's University Hospital,Adult,345,2382,14.5
Cardiology,Tallaght University Hospital,Adult,97,2149,4.5
Cardiology,Tipperary University Hospital,Adult,218,1241,17.6
Cardiology,University Hospital Kerry,Adult,251,1361,18.4
Cardiology,University Hospital Limerick,Adult,867,3044,28.5
Cardiology,University Hospital Waterford,Adult,1023,2608,39.2
Cardiology,Wexford General Hospital,Adult,313,1356,23.1
Chemical Pathology,Galway University Hospitals,Adult,128,246,52.0
Chemical Pathology,Tallaght University Hospital,Adult,1,150,0.7
Clinical (Medical) Genetics,Children's Health Ireland,Child,2,21,9.5
Clinical (Medical) Genetics,St. James's Hospital,Adult,1917,3430,55.9
Clinical Immunology,Beaumont Hospital,Adult,492,1442,34.1
Clinical Immunology,Children's Health Ireland,Child,132,832,15.9
Clinical Immunology,Galway University Hospitals,Adult,359,985,36.4
Clinical Immunology,Galway University Hospitals,Child,2,21,9.5
Clinical Immunology,St. James's Hospital,Adult,510,1790,28.5
Dental Surgery,Children's Health Ireland,Child,41,283,14.5
Dermatology,Bantry General Hospital,Adult,0,267,0.0
Dermatology,Beaumont Hospital,Adult,800,5242,15.3
Dermatology,Connolly Hospital Blanchardstown,Adult,386,713,54.1
Dermatology,Cork University Hospital,Adult,0,22,0.0
Dermatology,Cork University Hospital,Child,7,30,23.3
Dermatology,Galway University Hospitals,Adult,1372,3444,39.8
Dermatology,Galway University Hospitals,Child,266,754,35.3
Dermatology,Letterkenny University Hospital,Adult,1,546,0.2
Dermatology,Letterkenny University Hospital,Child,0,50,0.0
Dermatology,Mallow General Hospital,Adult,91,395,23.0
Dermatology,Mallow General Hospital,Child,4,22,18.2
Dermatology,Mater Misericordiae University Hospital,Adult,604,4650,13.0
Dermatology,Mayo University Hospital,Adult,138,492,28.0
Dermatology,Mayo University Hospital,Child,29,100,29.0
Dermatology,Midland Regional Hospital Mullingar,Adult,437,927,47.1
Dermatology,Midland Regional Hospital Mullingar,Child,56,163,34.4
Dermatology,Midland Regional Hospital Tullamore,Adult,418,1024,40.8
Dermatology,Naas General Hospital,Adult,1642,4513,36.4
Dermatology,Our Lady of Lourdes Hospital Drogheda,Adult,1691,5500,30.7
Dermatology,Portiuncula University Hospital,Adult,1,260,0.4
Dermatology,Portiuncula University Hospital,Child,7,111,6.3
Dermatology,Sligo University Hospital,Adult,1365,2560,53.3
Dermatology,Sligo University Hospital,Child,304,449,67.7
Dermatology,South Infirmary Victoria University Hospital,Adult,711,5512,12.9
Dermatology,South Infirmary Victoria University Hospital,Child,4,234,1.7
Dermatology,St. James's Hospital,Adult,1,1688,0.1
Dermatology,St. Michael's Hospital,Adult,326,769,42.4
Dermatology,St. Vincent's University Hospital,Adult,778,3810,20.4
Dermatology,Tallaght University Hospital,Adult,775,4315,18.0
Dermatology,University Hospital Kerry,Adult,568,1672,34.0
Dermatology,University Hospital Kerry,Child,101,176,57.4
Dermatology,University Hospital Limerick,Adult,967,4266,22.7
Dermatology,University Hospital Limerick,Child,222,772,28.8
Dermatology,University Hospital Waterford,Adult,2747,6775,40.5
Dermatology,University Hospital Waterford,Child,242,611,39.6
Developmental Paediatrics,Children's Health Ireland,Child,1,334,0.3
Developmental Paediatrics,Cork University Hospital,Child,0,312,0.0
Developmental Paediatrics,Midland Regional Hospital Portlaoise,Child,23,61,37.7
Diabetes Mellitus,Connolly Hospital Blanchardstown,Adult,3,191,1.6
Diabetes Mellitus,Cork University Hospital,Adult,66,541,12.2
Diabetes Mellitus,Louth County Hospital,Adult,0,232,0.0
Diabetes Mellitus,Midland Regional Hospital Portlaoise,Adult,0,119,0.0
Diabetes Mellitus,Portiuncula University Hospital,Adult,0,33,0.0
Diabetes Mellitus,Roscommon University Hospital,Adult,0,32,0.0
Diabetes Mellitus,St. Columcille's Hospital,Adult,4,107,3.7
Diabetes Mellitus,St. James's Hospital,Adult,0,178,0.0
Diabetes Mellitus,St. Luke's General Hospital Kilkenny,Adult,0,79,0.0
Diabetes Mellitus,St. Michael's Hospital,Adult,15,83,18.1
Diabetes Mellitus,University Hospital Kerry,Adult,0,127,0.0
Endocrinology,Beaumont Hospital,Adult,22,1783,1.2
Endocrinology,Cavan General Hospital,Adult,0,231,0.0
Endocrinology,Connolly Hospital Blanchardstown,Adult,116,953,12.2
Endocrinology,Coombe Women and Infants University Hospital,Adult,0,62,0.0
Endocrinology,Cork University Hospital,Adult,85,857,9.9
Endocrinology,Galway University Hospitals,Adult,140,1119,12.5
Endocrinology,Letterkenny University Hospital,Adult,0,268,0.0
Endocrinology,Mallow General Hospital,Adult,92,247,37.2
Endocrinology,Mater Misericordiae University Hospital,Adult,44,707,6.2
Endocrinology,Midland Regional Hospital Mullingar,Adult,121,309,39.2
Endocrinology,Midland Regional Hospital Portlaoise,Adult,75,309,24.3
Endocrinology,Midland Regional Hospital Tullamore,Adult,113,329,34.3
Endocrinology,Our Lady of Lourdes Hospital Drogheda,Adult,79,891,8.9
Endocrinology,Our Lady's Hospital Navan,Adult,72,601,12.0
Endocrinology,Portiuncula University Hospital,Adult,0,103,0.0
Endocrinology,Roscommon University Hospital,Adult,0,47,0.0
Endocrinology,Sligo University Hospital,Adult,74,531,13.9
Endocrinology,South Infirmary Victoria University Hospital,Adult,268,447,60.0
Endocrinology,St. Columcille's Hospital,Adult,6938,9032,76.8
Endocrinology,St. James's Hospital,Adult,0,464,0.0
Endocrinology,St. Luke's General Hospital Kilkenny,Adult,0,54,0.0
Endocrinology,St. Michael's Hospital,Adult,57,193,29.5
Endocrinology,St. Vincent's University Hospital,Adult,277,1022,27.1
Endocrinology,Tallaght University Hospital,Adult,1,410,0.2
Endocrinology,Tipperary University Hospital,Adult,53,209,25.4
Endocrinology,University Hospital Kerry,Adult,57,402,14.2
Endocrinology,University Hospital Limerick,Adult,529,1415,37.4
Endocrinology,University Hospital Waterford,Adult,247,930,26.6
Endocrinology,Wexford General Hospital,Adult,0,39,0.0
Gastro-Enterology,Bantry General Hospital,Adult,0,223,0.0
Gastro-Enterology,Beaumont Hospital,Adult,364,2129,17.1
Gastro-Enterology,Cavan General Hospital,Adult,6,472,1.3
Gastro-Enterology,Connolly Hospital Blanchardstown,Adult,0,256,0.0
Gastro-Enterology,Cork University Hospital,Adult,202,1613,12.5
Gastro-Enterology,Galway University Hospitals,Adult,180,1618,11.1
Gastro-Enterology,Letterkenny University Hospital,Adult,318,1154,27.6
Gastro-Enterology,Mallow General Hospital,Adult,88,359,24.5
Gastro-Enterology,Mater Misericordiae University Hospital,Adult,61,1428,4.3
Gastro-Enterology,Mayo University Hospital,Adult,1,143,0.7
Gastro-Enterology,Mercy University Hospital,Adult,59,569,10.4
Gastro-Enterology,Midland Regional Hospital Portlaoise,Adult,0,116,0.0
Gastro-Enterology,Midland Regional Hospital Tullamore,Adult,233,1025,22.7
Gastro-Enterology,Our Lady of Lourdes Hospital Drogheda,Adult,49,807,6.1
Gastro-Enterology,Our Lady's Hospital Navan,Adult,49,831,5.9
Gastro-Enterology,Roscommon University Hospital,Adult,0,91,0.0
Gastro-Enterology,Sligo University Hospital,Adult,34,480,7.1
Gastro-Enterology,St. Columcille's Hospital,Adult,0,62,0.0
Gastro-Enterology,St. James's Hospital,Adult,251,1881,13.3
Gastro-Enterology,St. Luke's General Hospital Kilkenny,Adult,46,687,6.7
Gastro-Enterology,St. Michael's Hospital,Adult,15,836,1.8
Gastro-Enterology,St. Vincent's University Hospital,Adult,64,1186,5.4
Gastro-Enterology,Tallaght University Hospital,Adult,44,883,5.0
Gastro-Enterology,Tipperary University Hospital,Adult,55,513,10.7
Gastro-Enterology,University Hospital Kerry,Adult,2,216,0.9
Gastro-Enterology,University Hospital Limerick,Adult,117,1591,7.4
Gastro-Enterology,University Hospital Waterford,Adult,77,1304,5.9
Gastro-Intestinal Surgery,Mercy University Hospital,Adult,12,250,4.8
Gastro-Intestinal Surgery,University Hospital Waterford,Adult,127,1299,9.8
General Medicine,Bantry General Hospital,Adult,0,81,0.0
General Medicine,Cavan General Hospital,Adult,0,256,0.0
General Medicine,Letterkenny University Hospital,Adult,2,268,0.7
General Medicine,Mallow General Hospital,Adult,0,149,0.0
General Medicine,Mater Misericordiae University Hospital,Adult,0,32,0.0
General Medicine,Mayo University Hospital,Adult,104,978,10.6
General Medicine,Midland Regional Hospital Mullingar,Adult,906,3681,24.6
General Medicine,Midland Regional Hospital Portlaoise,Adult,0,35,0.0
General Medicine,Midland Regional Hospital Tullamore,Adult,11,159,6.9
General Medicine,Naas General Hospital,Adult,765,3165,24.2
General Medicine,Portiuncula University Hospital,Adult,1,128,0.8
General Medicine,Roscommon University Hospital,Adult,0,396,0.0
General Medicine,Sligo University Hospital,Adult,13,171,7.6
General Medicine,St. James's Hospital,Adult,379,1305,29.0
General Medicine,St. Luke's General Hospital Kilkenny,Adult,14,178,7.9
General Medicine,Tipperary University Hospital,Adult,139,504,27.6
General Medicine,University Hospital Kerry,Adult,32,260,12.3
General Medicine,University Hospital Limerick,Adult,0,87,0.0
General Medicine,Wexford General Hospital,Adult,231,1557,14.8
General Surgery,Bantry General Hospital,Adult,0,271,0.0
General Surgery,Beaumont Hospital,Adult,0,537,0.0
General Surgery,Cavan General Hospital,Adult,0,626,0.0
General Surgery,Connolly Hospital Blanchardstown,Adult,0,679,0.0
General Surgery,Cork University Hospital,Adult,57,724,7.9
General Surgery,Cork University Hospital,Child,50,162,30.9
General Surgery,Galway University Hospitals,Adult,32,1634,2.0
General Surgery,Galway University Hospitals,Child,0,35,0.0
General Surgery,Letterkenny University Hospital,Adult,15,1030,1.5
General Surgery,Letterkenny University Hospital,Child,0,32,0.0
General Surgery,Louth County Hospital,Adult,0,339,0.0
General Surgery,Mallow General Hospital,Adult,0,652,0.0
General Surgery,Mater Misericordiae University Hospital,Adult,142,2046,6.9
General Surgery,Mayo University Hospital,Adult,1,568,0.2
General Surgery,Mayo University Hospital,Child,4,76,5.3
General Surgery,Mercy University Hospital,Adult,91,759,12.0
General Surgery,Midland Regional Hospital Mullingar,Adult,48,1403,3.4
General Surgery,Midland Regional Hospital Mullingar,Child,12,191,6.3
General Surgery,Midland Regional Hospital Portlaoise,Adult,25,763,3.3
General Surgery,Midland Regional Hospital Portlaoise,Child,1,57,1.8
General Surgery,Midland Regional Hospital Tullamore,Adult,0,476,0.0
General Surgery,Naas General Hospital,Adult,0,620,0.0
General Surgery,Our Lady of Lourdes Hospital Drogheda,Adult,4,573,0.7
General Surgery,Our Lady's Hospital Navan,Adult,0,454,0.0
General Surgery,Portiuncula University Hospital,Adult,1,311,0.3
General Surgery,Portiuncula University Hospital,Child,0,40,0.0
General Surgery,Roscommon University Hospital,Adult,2,236,0.8
General Surgery,Sligo University Hospital,Adult,1,921,0.1
General Surgery,Sligo University Hospital,Child,0,44,0.0
General Surgery,South Infirmary Victoria University Hospital,Adult,220,1155,19.0
General Surgery,South Infirmary Victoria University Hospital,Child,11,47,23.4
General Surgery,St. Columcille's Hospital,Adult,0,29,0.0
General Surgery,St. James's Hospital,Adult,23,3271,0.7
General Surgery,St. Luke's General Hospital Kilkenny,Adult,14,788,1.8
General Surgery,St. Michael's Hospital,Adult,0,188,0.0
General Surgery,St. Vincent's University Hospital,Adult,22,2911,0.8
General Surgery,Tallaght University Hospital,Adult,36,1820,2.0
General Surgery,Tipperary University Hospital,Adult,4,932,0.4
General Surgery,Tipperary University Hospital,Child,2,116,1.7
General Surgery,University Hospital Kerry,Adult,0,1568,0.0
General Surgery,University Hospital Kerry,Child,0,49,0.0
General Surgery,University Hospital Limerick,Adult,41,1779,2.3
General Surgery,University Hospital Waterford,Adult,6,395,1.5
General Surgery,University Hospital Waterford,Child,0,22,0.0
General Surgery,Wexford General Hospital,Adult,2,1394,0.1
General Surgery,Wexford General Hospital,Child,0,46,0.0
Geriatric Medicine,Bantry General Hospital,Adult,8,45,17.8
Geriatric Medicine,Beaumont Hospital,Adult,0,715,0.0
Geriatric Medicine,Connolly Hospital Blanchardstown,Adult,12,346,3.5
Geriatric Medicine,Cork University Hospital,Adult,0,159,0.0
Geriatric Medicine,Galway University Hospitals,Adult,0,24,0.0
Geriatric Medicine,Letterkenny University Hospital,Adult,12,237,5.1
Geriatric Medicine,Mallow General Hospital,Adult,48,244,19.7
Geriatric Medicine,Mater Misericordiae University Hospital,Adult,0,201,0.0
Geriatric Medicine,Mercy University Hospital,Adult,0,36,0.0
Geriatric Medicine,Midland Regional Hospital Tullamore,Adult,0,220,0.0
Geriatric Medicine,Naas General Hospital,Adult,46,160,28.8
Geriatric Medicine,Our Lady's Hospital Navan,Adult,0,245,0.0
Geriatric Medicine,Roscommon University Hospital,Adult,0,150,0.0
Geriatric Medicine,St. Columcille's Hospital,Adult,1,304,0.3
Geriatric Medicine,St. James's Hospital,Adult,0,322,0.0
Geriatric Medicine,St. Vincent's University Hospital,Adult,28,842,3.3
Geriatric Medicine,Tallaght University Hospital,Adult,0,512,0.0
Geriatric Medicine,University Hospital Kerry,Adult,6,108,5.6
Geriatric Medicine,University Hospital Limerick,Adult,0,38,0.0
Geriatric Medicine,University Hospital Waterford,Adult,1,196,0.5
Geriatric Medicine,Wexford General Hospital,Adult,0,152,0.0
Gynaecology,Beaumont Hospital,Adult,14,359,3.9
Gynaecology,Cavan General Hospital,Adult,0,1005,0.0
Gynaecology,Children's Health Ireland,Child,27,294,9.2
Gynaecology,Connolly Hospital Blanchardstown,Adult,0,170,0.0
Gynaecology,Coombe Women and Infants University Hospital,Adult,105,3708,2.8
Gynaecology,Coombe Women and Infants University Hospital,Child,0,35,0.0
Gynaecology,Cork University Maternity Hospital,Adult,0,2765,0.0
Gynaecology,Cork University Maternity Hospital,Child,0,60,0.0
Gynaecology,Galway University Hospitals,Adult,25,2245,1.1
Gynaecology,Galway University Hospitals,Child,0,41,0.0
Gynaecology,Letterkenny University Hospital,Adult,0,1192,0.0
Gynaecology,Louth County Hospital,Adult,14,305,4.6
Gynaecology,Mater Misericordiae University Hospital,Adult,0,215,0.0
Gynaecology,Mayo University Hospital,Adult,1,636,0.2
Gynaecology,Midland Regional Hospital Mullingar,Adult,12,2000,0.6
Gynaecology,Midland Regional Hospital Mullingar,Child,0,32,0.0
Gynaecology,Midland Regional Hospital Portlaoise,Adult,15,1098,1.4
Gynaecology,Midland Regional Hospital Portlaoise,Child,0,20,0.0
Gynaecology,National Maternity Hospital (Holles Street),Adult,461,3654,12.6
Gynaecology,National Maternity Hospital (Holles Street),Child,0,76,0.0
Gynaecology,Our Lady of Lourdes Hospital Drogheda,Adult,20,1946,1.0
Gynaecology,Our Lady of Lourdes Hospital Drogheda,Child,0,30,0.0
Gynaecology,Our Lady's Hospital Navan,Adult,1,475,0.2
Gynaecology,Portiuncula University Hospital,Adult,1,645,0.2
Gynaecology,Rotunda Hospital,Adult,127,6564,1.9
Gynaecology,Rotunda Hospital,Child,0,66,0.0
Gynaecology,Sligo University Hospital,Adult,1,794,0.1
Gynaecology,St. James's Hospital,Adult,1,72,1.4
Gynaecology,St. Luke's General Hospital Kilkenny,Adult,34,1352,2.5
Gynaecology,St. Luke's General Hospital Kilkenny,Child,2,28,7.1
Gynaecology,St. Michael's Hospital,Adult,131,461,28.4
Gynaecology,St. Vincent's University Hospital,Adult,0,126,0.0
Gynaecology,Tallaght University Hospital,Adult,164,2344,7.0
Gynaecology,Tipperary University Hospital,Adult,0,282,0.0
Gynaecology,University Hospital Kerry,Adult,0,567,0.0
Gynaecology,University Hospital Limerick,Adult,0,2572,0.0
Gynaecology,University Hospital Limerick,Child,0,62,0.0
Gynaecology,University Hospital Waterford,Adult,0,861,0.0
Gynaecology,Wexford General Hospital,Adult,4,1448,0.3
Haematology,Beaumont Hospital,Adult,43,1758,2.4
Haematology,Connolly Hospital Blanchardstown,Adult,117,834,14.0
Haematology,Cork University Hospital,Adult,33,498,6.6
Haematology,Galway University Hospitals,Adult,7,443,1.6
Haematology,Letterkenny University Hospital,Adult,93,244,38.1
Haematology,Mater Misericordiae University Hospital,Adult,65,1381,4.7
Haematology,Mercy University Hospital,Adult,0,228,0.0
Haematology,Midland Regional Hospital Mullingar,Adult,31,250,12.4
Haematology,Midland Regional Hospital Portlaoise,Adult,94,363,25.9
Haematology,Midland Regional Hospital Tullamore,Adult,494,1755,28.1
Haematology,Naas General Hospital,Adult,316,788,40.1
Haematology,Our Lady of Lourdes Hospital Drogheda,Adult,0,160,0.0
Haematology,Sligo University Hospital,Adult,178,545,32.7
Haematology,St. James's Hospital,Adult,0,480,0.0
Haematology,St. Vincent's University Hospital,Adult,196,845,23.2
Haematology,Tallaght University Hospital,Adult,252,1102,22.9
Haematology,University Hospital Kerry,Adult,0,101,0.0
Haematology,University Hospital Limerick,Adult,0,185,0.0
Haematology,University Hospital Waterford,Adult,86,738,11.7
Hepato-Biliary Surgery,Cork University Hospital,Adult,0,61,0.0
Hepato-Biliary Surgery,Mercy University Hospital,Adult,46,128,35.9
Immunology,Children's Health Ireland,Child,0,168,0.0
Immunology,Cork University Hospital,Adult,6,314,1.9
Infectious Diseases,Beaumont Hospital,Adult,0,80,0.0
Infectious Diseases,Cork University Hospital,Adult,0,69,0.0
Infectious Diseases,Galway University Hospitals,Adult,0,64,0.0
Infectious Diseases,Mater Misericordiae University Hospital,Adult,4,172,2.3
Infectious Diseases,St. James's Hospital,Adult,0,39,0.0
Infectious Diseases,St. Vincent's University Hospital,Adult,1,131,0.8
Infectious Diseases,University Hospital Limerick,Adult,17,41,41.5
Maxillo-Facial,Beaumont Hospital,Adult,0,68,0.0
Maxillo-Facial,Cork University Hospital,Adult,0,22,0.0
Maxillo-Facial,Galway University Hospitals,Adult,11,1010,1.1
Maxillo-Facial,Galway University Hospitals,Child,0,112,0.0
Maxillo-Facial,Portiuncula University Hospital,Adult,1,32,3.1
Maxillo-Facial,South Infirmary Victoria University Hospital,Adult,64,595,10.8
Maxillo-Facial,South Infirmary Victoria University Hospital,Child,9,124,7.3
Maxillo-Facial,St. James's Hospital,Adult,2,636,0.3
Maxillo-Facial,University Hospital Limerick,Adult,1,839,0.1
Maxillo-Facial,University Hospital Limerick,Child,0,56,0.0
Metabolic Medicine,Mater Misericordiae University Hospital,Adult,7,166,4.2
Nephrology,Beaumont Hospital,Adult,0,259,0.0
Nephrology,Cavan General Hospital,Adult,26,210,12.4
Nephrology,Connolly Hospital Blanchardstown,Adult,0,108,0.0
Nephrology,Cork University Hospital,Adult,0,336,0.0
Nephrology,Galway University Hospitals,Adult,135,539,25.0
Nephrology,Letterkenny University Hospital,Adult,1,162,0.6
Nephrology,Mater Misericordiae University Hospital,Adult,0,176,0.0
Nephrology,Mayo University Hospital,Adult,0,39,0.0
Nephrology,Mercy University Hospital,Adult,0,24,0.0
Nephrology,Midland Regional Hospital Tullamore,Adult,108,842,12.8
Nephrology,Naas General Hospital,Adult,0,48,0.0
Nephrology,Our Lady of Lourdes Hospital Drogheda,Adult,51,329,15.5
Nephrology,Portiuncula University Hospital,Adult,0,26,0.0
Nephrology,Sligo University Hospital,Adult,1,173,0.6
Nephrology,St. James's Hospital,Adult,0,113,0.0
Nephrology,St. Luke's General Hospital Kilkenny,Adult,0,93,0.0
Nephrology,St. Vincent's University Hospital,Adult,1,341,0.3
Nephrology,Tallaght University Hospital,Adult,0,152,0.0
Nephrology,University Hospital Kerry,Adult,0,131,0.0
Nephrology,University Hospital Limerick,Adult,19,267,7.1
Nephrology,University Hospital Waterford,Adult,3,306,1.0
Neurology,Bantry General Hospital,Adult,36,91,39.6
Neurology,Beaumont Hospital,Adult,2520,6102,41.3
Neurology,Cavan General Hospital,Adult,9,75,12.0
Neurology,Connolly Hospital Blanchardstown,Adult,0,24,0.0
Neurology,Cork University Hospital,Adult,0,1825,0.0
Neurology,Galway University Hospitals,Adult,1073,2809,38.2
Neurology,Letterkenny University Hospital,Adult,542,1057,51.3
Neurology,Mater Misericordiae University Hospital,Adult,1280,3918,32.7
Neurology,Mayo University Hospital,Adult,0,280,0.0
Neurology,Mercy University Hospital,Adult,0,54,0.0
Neurology,Midland Regional Hospital Mullingar,Adult,145,145,100.0
Neurology,Midland Regional Hospital Portlaoise,Adult,0,45,0.0
Neurology,Naas General Hospital,Adult,0,64,0.0
Neurology,Our Lady of Lourdes Hospital Drogheda,Adult,4,22,18.2
Neurology,Sligo University Hospital,Adult,341,782,43.6
Neurology,St. James's Hospital,Adult,66,1173,5.6
Neurology,St. Luke's General Hospital Kilkenny,Adult,309,595,51.9
Neurology,St. Vincent's University Hospital,Adult,1027,2854,36.0
Neurology,Tallaght University Hospital,Adult,212,1947,10.9
Neurology,University Hospital Kerry,Adult,244,569,42.9
Neurology,University Hospital Limerick,Adult,0,1332,0.0
Neurology,University Hospital Waterford,Adult,29,1512,1.9
Neurosurgery,Beaumont Hospital,Adult,3216,7999,40.2
Neurosurgery,Cork University Hospital,Adult,888,4302,20.6
Obstetrics,University Hospital Kerry,Adult,0,109,0.0
Oncology,Beaumont Hospital,Adult,0,36,0.0
Oncology,Cork University Hospital,Adult,0,238,0.0
Oncology,Galway University Hospitals,Adult,0,106,0.0
Oncology,Letterkenny University Hospital,Adult,0,41,0.0
Oncology,Mater Misericordiae University Hospital,Adult,0,63,0.0
Oncology,Midland Regional Hospital Tullamore,Adult,0,45,0.0
Oncology,Sligo University Hospital,Adult,1,39,2.6
Oncology,St. James's Hospital,Adult,0,36,0.0
Oncology,St. Vincent's University Hospital,Adult,0,292,0.0
Oncology,University Hospital Limerick,Adult,0,85,0.0
Ophthalmology,Beaumont Hospital,Adult,363,1265,28.7
Ophthalmology,Children's Health Ireland,Child,1,1378,0.1
Ophthalmology,Connolly Hospital Blanchardstown,Adult,0,27,0.0
Ophthalmology,Galway University Hospitals,Adult,1276,2576,49.5
Ophthalmology,Galway University Hospitals,Child,79,182,43.4
Ophthalmology,Louth County Hospital,Adult,0,51,0.0
Ophthalmology,Mater Misericordiae University Hospital,Adult,1789,9157,19.5
Ophthalmology,Midland Regional Hospital Portlaoise,Adult,135,378,35.7
Ophthalmology,Midland Regional Hospital Portlaoise,Child,0,124,0.0
Ophthalmology,Our Lady of Lourdes Hospital Drogheda,Adult,0,400,0.0
Ophthalmology,Our Lady of Lourdes Hospital Drogheda,Child,0,62,0.0
Ophthalmology,Royal Victoria Eye and Ear Hospital,Adult,3703,12376,29.9
Ophthalmology,Royal Victoria Eye and Ear Hospital,Child,175,517,33.8
Ophthalmology,Sligo University Hospital,Adult,11,803,1.4
Ophthalmology,Sligo University Hospital,Child,1,58,1.7
Ophthalmology,South Infirmary Victoria University Hospital,Adult,1809,6154,29.4
Ophthalmology,South Infirmary Victoria University Hospital,Child,140,604,23.2
Ophthalmology,St. James's Hospital,Adult,0,170,0.0
Ophthalmology,St. Michael's Hospital,Adult,0,42,0.0
Ophthalmology,St. Vincent's University Hospital,Adult,1,351,0.3
Ophthalmology,Tallaght University Hospital,Adult,0,57,0.0
Ophthalmology,University Hospital Limerick,Adult,507,3085,16.4
Ophthalmology,University Hospital Limerick,Child,68,329,20.7
Ophthalmology,University Hospital Waterford,Adult,1668,5385,31.0
Ophthalmology,University Hospital Waterford,Child,129,737,17.5
Orthopaedics,Beaumont Hospital,Adult,1441,4157,34.7
Orthopaedics,Cavan General Hospital,Adult,3,1341,0.2
Orthopaedics,Connolly Hospital Blanchardstown,Adult,23,930,2.5
Orthopaedics,Cork University Hospital,Adult,0,154,0.0
Orthopaedics,Croom Orthopaedic Hospital,Adult,925,6416,14.4
Orthopaedics,Croom Orthopaedic Hospital,Child,1,136,0.7
Orthopaedics,Galway University Hospitals,Adult,2059,8637,23.8
Orthopaedics,Galway University Hospitals,Child,53,474,11.2
Orthopaedics,Letterkenny University Hospital,Adult,1,1511,0.1
Orthopaedics,Letterkenny University Hospital,Child,0,86,0.0
Orthopaedics,Louth County Hospital,Adult,185,1800,10.3
Orthopaedics,Mater Misericordiae University Hospital,Adult,749,4088,18.3
Orthopaedics,Mayo University Hospital,Adult,71,1656,4.3
Orthopaedics,Mayo University Hospital,Child,10,121,8.3
Orthopaedics,Midland Regional Hospital Tullamore,Adult,1259,8234,15.3
Orthopaedics,Midland Regional Hospital Tullamore,Child,0,105,0.0
Orthopaedics,Naas General Hospital,Adult,752,3082,24.4
Orthopaedics,National Orthopaedic Hospital Cappagh,Adult,585,2355,24.8
Orthopaedics,National Orthopaedic Hospital Cappagh,Child,4,164,2.4
Orthopaedics,Our Lady's Hospital Navan,Adult,403,2882,14.0
Orthopaedics,Roscommon University Hospital,Adult,16,143,11.2
Orthopaedics,Sligo University Hospital,Adult,12,1799,0.7
Orthopaedics,Sligo University Hospital,Child,5,106,4.7
Orthopaedics,South Infirmary Victoria University Hospital,Adult,2315,7483,30.9
Orthopaedics,South Infirmary Victoria University Hospital,Child,152,555,27.4
Orthopaedics,St. Columcille's Hospital,Adult,0,45,0.0
Orthopaedics,St. James's Hospital,Adult,91,2457,3.7
Orthopaedics,St. Michael's Hospital,Adult,0,190,0.0
Orthopaedics,St. Vincent's University Hospital,Adult,1254,5243,23.9
Orthopaedics,Tallaght University Hospital,Adult,1594,6473,24.6
Orthopaedics,University Hospital Kerry,Adult,2,1662,0.1
Orthopaedics,University Hospital Kerry,Child,0,35,0.0
Orthopaedics,University Hospital Waterford,Adult,1898,8822,21.5
Orthopaedics,University Hospital Waterford,Child,71,300,23.7
Otolaryngology (ENT),Beaumont Hospital,Adult,344,4201,8.2
Otolaryngology (ENT),Beaumont Hospital,Child,1,22,4.5
Otolaryngology (ENT),Cavan General Hospital,Adult,19,1231,1.5
Otolaryngology (ENT),Cavan General Hospital,Child,1,34,2.9
Otolaryngology (ENT),Cork University Hospital,Adult,1,54,1.9
Otolaryngology (ENT),Cork University Hospital,Child,0,32,0.0
Otolaryngology (ENT),Galway University Hospitals,Adult,31,2307,1.3
Otolaryngology (ENT),Galway University Hospitals,Child,4,1068,0.4
Otolaryngology (ENT),Letterkenny University Hospital,Adult,1,784,0.1
Otolaryngology (ENT),Letterkenny University Hospital,Child,2,338,0.6
Otolaryngology (ENT),Mallow General Hospital,Adult,5,303,1.7
Otolaryngology (ENT),Mallow General Hospital,Child,1,159,0.6
Otolaryngology (ENT),Mater Misericordiae University Hospital,Adult,607,2607,23.3
Otolaryngology (ENT),Mayo University Hospital,Adult,141,700,20.1
Otolaryngology (ENT),Mayo University Hospital,Child,117,440,26.6
Otolaryngology (ENT),Midland Regional Hospital Tullamore,Adult,176,2996,5.9
Otolaryngology (ENT),Midland Regional Hospital Tullamore,Child,80,1181,6.8
Otolaryngology (ENT),Our Lady of Lourdes Hospital Drogheda,Adult,120,1314,9.1
Otolaryngology (ENT),Roscommon University Hospital,Adult,2,255,0.8
Otolaryngology (ENT),Royal Victoria Eye and Ear Hospital,Adult,1543,4137,37.3
Otolaryngology (ENT),Royal Victoria Eye and Ear Hospital,Child,74,209,35.4
Otolaryngology (ENT),Sligo University Hospital,Adult,0,728,0.0
Otolaryngology (ENT),Sligo University Hospital,Child,0,325,0.0
Otolaryngology (ENT),South Infirmary Victoria University Hospital,Adult,434,4137,10.5
Otolaryngology (ENT),South Infirmary Victoria University Hospital,Child,212,1490,14.2
Otolaryngology (ENT),St. James's Hospital,Adult,310,1180,26.3
Otolaryngology (ENT),St. Michael's Hospital,Adult,19,637,3.0
Otolaryngology (ENT),St. Vincent's University Hospital,Adult,357,1706,20.9
Otolaryngology (ENT),Tallaght University Hospital,Adult,21,2146,1.0
Otolaryngology (ENT),University Hospital Kerry,Adult,111,644,17.2
Otolaryngology (ENT),University Hospital Kerry,Child,69,201,34.3
Otolaryngology (ENT),University Hospital Limerick,Adult,43,1590,2.7
Otolaryngology (ENT),University Hospital Limerick,Child,0,541,0.0
Otolaryngology (ENT),University Hospital Waterford,Adult,317,4796,6.6
Otolaryngology (ENT),University Hospital Waterford,Child,106,1617,6.6
Paed Cardiology,Children's Health Ireland,Child,171,3137,5.5
Paed Cardiology,Cork University Hospital,Adult,8,27,29.6
Paed Cardiology,Cork University Hospital,Child,89,683,13.0
Paed Cardiology,University Hospital Limerick,Adult,28,34,82.4
Paed Cardiology,University Hospital Limerick,Child,194,441,44.0
Paed Endocrinology,Children's Health Ireland,Child,24,536,4.5
Paed Endocrinology,Cork University Hospital,Child,0,215,0.0
Paed Gastro-Enterol,Children's Health Ireland,Child,291,755,38.5
Paed Haematology,Children's Health Ireland,Child,0,351,0.0
Paed Haematology,Cork University Hospital,Child,0,30,0.0
Paed Metabolic Medicine,Children's Health Ireland,Child,0,23,0.0
Paed Nephrology,Children's Health Ireland,Child,47,426,11.0
Paed Orthopaedic,Children's Health Ireland,Child,906,3424,26.5
Paed Orthopaedic,Our Lady of Lourdes Hospital Drogheda,Child,0,95,0.0
Paediatric Dermatology,Children's Health Ireland,Child,2499,6188,40.4
Paediatric Dermatology,Cork University Hospital,Child,0,261,0.0
Paediatric Dermatology,Our Lady of Lourdes Hospital Drogheda,Adult,4,78,5.1
Paediatric Dermatology,Our Lady of Lourdes Hospital Drogheda,Child,0,582,0.0
Paediatric ENT,Cavan General Hospital,Child,2,395,0.5
Paediatric ENT,Children's Health Ireland,Child,545,3639,15.0
Paediatric ENT,Our Lady of Lourdes Hospital Drogheda,Child,8,270,3.0
Paediatric Infectious Diseases,Children's Health Ireland,Child,1,58,1.7
Paediatric Neurology,Children's Health Ireland,Child,177,1249,14.2
Paediatric Neurology,Cork University Hospital,Child,22,308,7.1
Paediatric Neurology,University Hospital Limerick,Child,1,120,0.8
Paediatric Neurosurgery,Children's Health Ireland,Child,0,33,0.0
Paediatric Respiratory Medicine,Children's Health Ireland,Child,134,982,13.6
Paediatric Respiratory Medicine,Cork University Hospital,Child,0,328,0.0
Paediatric Respiratory Medicine,Midland Regional Hospital Portlaoise,Child,72,161,44.7
Paediatric Surgery,Children's Health Ireland,Child,10,964,1.0
Paediatric Surgery,Our Lady of Lourdes Hospital Drogheda,Child,30,220,13.6
Paediatric Surgery,University Hospital Limerick,Child,0,80,0.0
Paediatric Urology,Children's Health Ireland,Child,274,1493,18.4
Paediatrics,Cavan General Hospital,Child,0,219,0.0
Paediatrics,Children's Health Ireland,Child,37,4697,0.8
Paediatrics,Cork University Hospital,Child,0,1565,0.0
Paediatrics,Galway University Hospitals,Adult,0,27,0.0
Paediatrics,Galway University Hospitals,Child,17,1871,0.9
Paediatrics,Letterkenny University Hospital,Child,0,480,0.0
Paediatrics,Mayo University Hospital,Child,0,245,0.0
Paediatrics,Midland Regional Hospital Mullingar,Child,0,523,0.0
Paediatrics,Midland Regional Hospital Portlaoise,Adult,31,51,60.8
Paediatrics,Midland Regional Hospital Portlaoise,Child,517,1704,30.3
Paediatrics,Midland Regional Hospital Tullamore,Child,0,51,0.0
Paediatrics,Our Lady of Lourdes Hospital Drogheda,Adult,42,62,67.7
Paediatrics,Our Lady of Lourdes Hospital Drogheda,Child,883,2564,34.4
Paediatrics,Portiuncula University Hospital,Child,0,333,0.0
Paediatrics,Sligo University Hospital,Child,4,575,0.7
Paediatrics,St. Luke's General Hospital Kilkenny,Child,6,393,1.5
Paediatrics,Tipperary University Hospital,Child,7,377,1.9
Paediatrics,University Hospital Kerry,Child,0,152,0.0
Paediatrics,University Hospital Limerick,Adult,9,70,12.9
Paediatrics,University Hospital Limerick,Child,160,1977,8.1
Paediatrics,University Hospital Waterford,Child,4,590,0.7
Paediatrics,Wexford General Hospital,Child,0,1094,0.0
Pain Relief,Beaumont Hospital,Adult,1018,2788,36.5
Pain Relief,Children's Health Ireland,Child,0,63,0.0
Pain Relief,Galway University Hospitals,Adult,4,607,0.7
Pain Relief,Letterkenny University Hospital,Adult,8,70,11.4
Pain Relief,Mater Misericordiae University Hospital,Adult,316,1893,16.7
Pain Relief,Mercy University Hospital,Adult,432,1011,42.7
Pain Relief,Naas General Hospital,Adult,389,565,68.8
Pain Relief,Portiuncula University Hospital,Adult,45,307,14.7
Pain Relief,Sligo University Hospital,Adult,40,748,5.3
Pain Relief,South Infirmary Victoria University Hospital,Adult,708,3250,21.8
Pain Relief,St. Columcille's Hospital,Adult,75,293,25.6
Pain Relief,St. James's Hospital,Adult,73,1103,6.6
Pain Relief,St. John's Hospital Limerick,Adult,87,957,9.1
Pain Relief,St. Vincent's University Hospital,Adult,763,1473,51.8
Pain Relief,Tallaght University Hospital,Adult,1046,2212,47.3
Pain Relief,University Hospital Limerick,Adult,0,814,0.0
Pain Relief,University Hospital Waterford,Adult,196,1624,12.1
Plastic Surgery,Beaumont Hospital,Adult,307,3346,9.2
Plastic Surgery,Children's Health Ireland,Child,4,790,0.5
Plastic Surgery,Connolly Hospital Blanchardstown,Adult,0,97,0.0
Plastic Surgery,Cork University Hospital,Adult,285,1387,20.5
Plastic Surgery,Cork University Hospital,Child,29,193,15.0
Plastic Surgery,Galway University Hospitals,Adult,16,1681,1.0
Plastic Surgery,Galway University Hospitals,Child,2,105,1.9
Plastic Surgery,Mater Misericordiae University Hospital,Adult,830,1873,44.3
Plastic Surgery,Midland Regional Hospital Mullingar,Adult,0,22,0.0
Plastic Surgery,Our Lady of Lourdes Hospital Drogheda,Adult,41,597,6.9
Plastic Surgery,Roscommon University Hospital,Adult,2,2626,0.1
Plastic Surgery,South Infirmary Victoria University Hospital,Adult,1338,2956,45.3
Plastic Surgery,South Infirmary Victoria University Hospital,Child,70,126,55.6
Plastic Surgery,St. James's Hospital,Adult,77,941,8.2
Plastic Surgery,St. Michael's Hospital,Adult,0,26,0.0
Plastic Surgery,St. Vincent's University Hospital,Adult,115,1630,7.1
Plastic Surgery,Tallaght University Hospital,Adult,0,60,0.0
Plastic Surgery,University Hospital Kerry,Adult,0,50,0.0
Psychiatry,Beaumont Hospital,Adult,0,31,0.0
Psychiatry,Cork University Hospital,Adult,0,31,0.0
Psychiatry,Mater Misericordiae University Hospital,Adult,13,175,7.4
Psychiatry,St. James's Hospital,Adult,0,204,0.0
Radiology,Mater Misericordiae University Hospital,Adult,2,22,9.1
Radiotherapy,St. Vincent's University Hospital,Adult,0,26,0.0
Respiratory Medicine,Beaumont Hospital,Adult,75,2102,3.6
Respiratory Medicine,Cavan General Hospital,Adult,0,655,0.0
Respiratory Medicine,Connolly Hospital Blanchardstown,Adult,280,1525,18.4
Respiratory Medicine,Cork University Hospital,Adult,0,445,0.0
Respiratory Medicine,Galway University Hospitals,Adult,1971,3896,50.6
Respiratory Medicine,Letterkenny University Hospital,Adult,1,1453,0.1
Respiratory Medicine,Mallow General Hospital,Adult,3,585,0.5
Respiratory Medicine,Mater Misericordiae University Hospital,Adult,397,1671,23.8
Respiratory Medicine,Mayo University Hospital,Adult,70,870,8.0
Respiratory Medicine,Mercy University Hospital,Adult,94,691,13.6
Respiratory Medicine,Midland Regional Hospital Mullingar,Adult,0,32,0.0
Respiratory Medicine,Midland Regional Hospital Portlaoise,Adult,112,713,15.7
Respiratory Medicine,Midland Regional Hospital Tullamore,Adult,26,253,10.3
Respiratory Medicine,Naas General Hospital,Adult,9,171,5.3
Respiratory Medicine,Our Lady of Lourdes Hospital Drogheda,Adult,251,1103,22.8
Respiratory Medicine,Our Lady's Hospital Navan,Adult,1,420,0.2
Respiratory Medicine,Portiuncula University Hospital,Adult,102,535,19.1
Respiratory Medicine,Sligo University Hospital,Adult,33,681,4.8
Respiratory Medicine,St. James's Hospital,Adult,265,1516,17.5
Respiratory Medicine,St. Luke's General Hospital Kilkenny,Adult,492,1210,40.7
Respiratory Medicine,St. Michael's Hospital,Adult,0,22,0.0
Respiratory Medicine,St. Vincent's University Hospital,Adult,1290,3373,38.2
Respiratory Medicine,Tallaght University Hospital,Adult,0,519,0.0
Respiratory Medicine,Tipperary University Hospital,Adult,54,452,11.9
Respiratory Medicine,University Hospital Kerry,Adult,17,572,3.0
Respiratory Medicine,University Hospital Limerick,Adult,257,2335,11.0
Respiratory Medicine,University Hospital Waterford,Adult,232,1364,17.0
Rheumatology,Beaumont Hospital,Adult,0,835,0.0
Rheumatology,Children's Health Ireland,Child,221,684,32.3
Rheumatology,Connolly Hospital Blanchardstown,Adult,0,267,0.0
Rheumatology,Cork University Hospital,Adult,0,975,0.0
Rheumatology,Croom Orthopaedic Hospital,Adult,0,58,0.0
Rheumatology,Ennis Hospital,Adult,10,90,11.1
Rheumatology,Galway University Hospitals,Adult,994,2675,37.2
Rheumatology,Mater Misericordiae University Hospital,Adult,0,598,0.0
Rheumatology,Midland Regional Hospital Tullamore,Adult,0,1360,0.0
Rheumatology,Naas General Hospital,Adult,116,627,18.5
Rheumatology,National Orthopaedic Hospital Cappagh,Adult,0,66,0.0
Rheumatology,Nenagh Hospital,Adult,0,106,0.0
Rheumatology,Our Lady's Hospital Navan,Adult,0,681,0.0
Rheumatology,Sligo University Hospital,Adult,324,1696,19.1
Rheumatology,South Infirmary Victoria University Hospital,Adult,46,489,9.4
Rheumatology,St. James's Hospital,Adult,93,479,19.4
Rheumatology,St. Vincent's University Hospital,Adult,585,1808,32.4
Rheumatology,Tallaght University Hospital,Adult,55,826,6.7
Rheumatology,Tipperary University Hospital,Adult,182,182,100.0
Rheumatology,University Hospital Kerry,Adult,0,144,0.0
Rheumatology,University Hospital Limerick,Adult,1,859,0.1
Rheumatology,University Hospital Waterford,Adult,666,2033,32.8
Small Volume Specialties,Bantry General Hospital,Adult,0,14,0.0
Small Volume Specialties,Beaumont Hospital,Adult,0,2,0.0
Small Volume Specialties,Beaumont Hospital,Child,3,38,7.9
Small Volume Specialties,Cavan General Hospital,Adult,1,34,2.9
Small Volume Specialties,Cavan General Hospital,Child,0,40,0.0
Small Volume Specialties,Children's Health Ireland,Child,0,3,0.0
Small Volume Specialties,Coombe Women and Infants University Hospital,Child,0,1,0.0
Small Volume Specialties,Cork University Hospital,Adult,1,48,2.1
Small Volume Specialties,Cork University Hospital,Child,1,57,1.8
Small Volume Specialties,Cork University Maternity Hospital,Adult,0,10,0.0
Small Volume Specialties,Croom Orthopaedic Hospital,Child,0,1,0.0
Small Volume Specialties,Ennis Hospital,Adult,0,3,0.0
Small Volume Specialties,Ennis Hospital,Child,1,12,8.3
Small Volume Specialties,Galway University Hospitals,Adult,2,2,100.0
Small Volume Specialties,Galway University Hospitals,Child,4,53,7.5
Small Volume Specialties,Letterkenny University Hospital,Adult,0,5,0.0
Small Volume Specialties,Letterkenny University Hospital,Child,8,46,17.4
Small Volume Specialties,Louth County Hospital,Adult,0,12,0.0
Small Volume Specialties,Mallow General Hospital,Child,0,7,0.0
Small Volume Specialties,Mater Misericordiae University Hospital,Adult,4,28,14.3
Small Volume Specialties,Mayo University Hospital,Adult,0,4,0.0
Small Volume Specialties,Mayo University Hospital,Child,2,37,5.4
Small Volume Specialties,Mercy University Hospital,Adult,0,17,0.0
Small Volume Specialties,Mercy University Hospital,Child,0,1,0.0
Small Volume Specialties,Midland Regional Hospital Mullingar,Adult,0,3,0.0
Small Volume Specialties,Midland Regional Hospital Mullingar,Child,0,6,0.0
Small Volume Specialties,Midland Regional Hospital Portlaoise,Adult,4,19,21.1
Small Volume Specialties,Midland Regional Hospital Portlaoise,Child,1,13,7.7
Small Volume Specialties,Midland Regional Hospital Tullamore,Adult,0,6,0.0
Small Volume Specialties,Midland Regional Hospital Tullamore,Child,0,10,0.0
Small Volume Specialties,Naas General Hospital,Adult,0,12,0.0
Small Volume Specialties,Naas General Hospital,Child,0,3,0.0
Small Volume Specialties,National Orthopaedic Hospital Cappagh,Adult,0,11,0.0
Small Volume Specialties,Nenagh Hospital,Adult,0,21,0.0
Small Volume Specialties,Nenagh Hospital,Child,0,18,0.0
Small Volume Specialties,Our Lady of Lourdes Hospital Drogheda,Adult,4,69,5.8
Small Volume Specialties,Our Lady of Lourdes Hospital Drogheda,Child,3,40,7.5
Small Volume Specialties,Our Lady's Hospital Navan,Adult,0,21,0.0
Small Volume Specialties,Our Lady's Hospital Navan,Child,0,2,0.0
Small Volume Specialties,Portiuncula University Hospital,Adult,0,25,0.0
Small Volume Specialties,Portiuncula University Hospital,Child,1,13,7.7
Small Volume Specialties,Sligo University Hospital,Adult,0,6,0.0
Small Volume Specialties,Sligo University Hospital,Child,0,45,0.0
Small Volume Specialties,South Infirmary Victoria University Hospital,Adult,0,4,0.0
Small Volume Specialties,South Infirmary Victoria University Hospital,Child,2,8,25.0
Small Volume Specialties,St. Columcille's Hospital,Adult,0,1,0.0
Small Volume Specialties,St. James's Hospital,Adult,0,18,0.0
Small Volume Specialties,St. John's Hospital Limerick,Child,0,1,0.0
Small Volume Specialties,St. Luke's General Hospital Kilkenny,Adult,1,21,4.8
Small Volume Specialties,St. Luke's General Hospital Kilkenny,Child,0,20,0.0
Small Volume Specialties,St. Michael's Hospital,Adult,0,7,0.0
Small Volume Specialties,St. Vincent's University Hospital,Adult,0,16,0.0
Small Volume Specialties,Tallaght University Hospital,Adult,0,60,0.0
Small Volume Specialties,Tallaght University Hospital,Child,0,11,0.0
Small Volume Specialties,Tipperary University Hospital,Adult,0,22,0.0
Small Volume Specialties,Tipperary University Hospital,Child,1,7,14.3
Small Volume Specialties,University Hospital Kerry,Adult,0,2,0.0
Small Volume Specialties,University Hospital Kerry,Child,0,26,0.0
Small Volume Specialties,University Hospital Limerick,Adult,0,3,0.0
Small Volume Specialties,University Hospital Limerick,Child,0,48,0.0
Small Volume Specialties,University Hospital Waterford,Adult,1,22,4.5
Small Volume Specialties,University Hospital Waterford,Child,6,59,10.2
Small Volume Specialties,Wexford General Hospital,Adult,0,31,0.0
Small Volume Specialties,Wexford General Hospital,Child,0,19,0.0
Urology,Beaumont Hospital,Adult,297,4373,6.8
Urology,Connolly Hospital Blanchardstown,Adult,141,298,47.3
Urology,Cork University Hospital,Adult,93,1724,5.4
Urology,Cork University Hospital,Child,214,905,23.6
Urology,Galway University Hospitals,Adult,307,2404,12.8
Urology,Galway University Hospitals,Child,75,476,15.8
Urology,Letterkenny University Hospital,Adult,0,569,0.0
Urology,Letterkenny University Hospital,Child,0,65,0.0
Urology,Mallow General Hospital,Adult,6,171,3.5
Urology,Mater Misericordiae University Hospital,Adult,510,2651,19.2
Urology,Mayo University Hospital,Adult,1,162,0.6
Urology,Mercy University Hospital,Adult,231,951,24.3
Urology,Midland Regional Hospital Portlaoise,Adult,142,921,15.4
Urology,Midland Regional Hospital Portlaoise,Child,36,88,40.9
Urology,Our Lady of Lourdes Hospital Drogheda,Adult,134,1276,10.5
Urology,Portiuncula University Hospital,Adult,17,233,7.3
Urology,Roscommon University Hospital,Adult,16,381,4.2
Urology,Sligo University Hospital,Adult,5,678,0.7
Urology,Sligo University Hospital,Child,2,146,1.4
Urology,St. Columcille's Hospital,Adult,115,368,31.2
Urology,St. James's Hospital,Adult,33,1215,2.7
Urology,St. John's Hospital Limerick,Adult,0,31,0.0
Urology,St. Michael's Hospital,Adult,8,222,3.6
Urology,St. Vincent's University Hospital,Adult,412,1683,24.5
Urology,Tallaght University Hospital,Adult,56,1933,2.9
Urology,University Hospital Kerry,Adult,69,471,14.6
Urology,University Hospital Kerry,Child,7,101,6.9
Urology,University Hospital Limerick,Adult,1,1416,0.1
Urology,University Hospital Limerick,Child,0,191,0.0
Urology,University Hospital Waterford,Adult,438,2291,19.1
Urology,University Hospital Waterford,Child,13,107,12.1
Vascular Surgery,Beaumont Hospital,Adult,23,2094,1.1
Vascular Surgery,Cork University Hospital,Adult,326,1625,20.1
Vascular Surgery,Galway University Hospitals,Adult,6,1708,0.4
Vascular Surgery,Letterkenny University Hospital,Adult,0,27,0.0
Vascular Surgery,Mater Misericordiae University Hospital,Adult,0,668,0.0
Vascular Surgery,Mercy University Hospital,Adult,22,638,3.4
Vascular Surgery,Midland Regional Hospital Tullamore,Adult,60,1195,5.0
Vascular Surgery,Roscommon University Hospital,Adult,2,118,1.7
Vascular Surgery,St. Columcille's Hospital,Adult,135,371,36.4
Vascular Surgery,St. James's Hospital,Adult,60,890,6.7
Vascular Surgery,St. Michael's Hospital,Adult,167,569,29.3
Vascular Surgery,St. Vincent's University Hospital,Adult,311,1184,26.3
Vascular Surgery,Tallaght University Hospital,Adult,71,1093,6.5
Vascular Surgery,University Hospital Limerick,Adult,200,2023,9.9
Vascular Surgery,University Hospital Waterford,Adult,6,1138,0.5
